{"colormap": "twilight_shifted", "real": -0.5619586210003039, "imag": 0.6422946877678496, "height": 0.0018293822873655901, "dim": 794.0933880509067, "iter": 64}