{"colormap": "cividis", "dim": 256, "height": 0.0001897290123284395, "imag": 0.126129, "iter": 512.0, "real": -0.7435}